customer_id,customer_name,gender,age,country,customer_segment,signup_date
C000000,Jason Flores,M,19,Tanzania,VIP,2024-10-02
C000001,Sandra Russell,M,26,Uganda,New,2024-07-22
C000002,Michael Daugherty,M,55,Rwanda,VIP,2025-04-30
C000003,Anna Smith,M,23,Kenya,VIP,2023-12-23
C000004,Rachel Spencer,M,53,Kenya,New,2025-09-06
C000005,Laura Bishop,F,32,Rwanda,New,2026-03-28
C000006,Katelyn Adkins,F,69,Uganda,VIP,2026-05-15
C000007,Jordan Walker,F,39,Tanzania,VIP,2025-01-12
C000008,Michael Brown,M,66,Tanzania,VIP,2023-06-15
C000009,Juan Castro,M,42,Uganda,Regular,2023-08-09
C000010,Brian Thompson,F,56,Tanzania,VIP,2024-08-18
C000011,Angel Gould,F,52,Uganda,Regular,2025-01-31
C000012,Tina Beck,M,53,Tanzania,New,2025-03-14
C000013,Tara Salas,F,54,Kenya,New,2026-04-29
C000014,Eduardo Alvarez,M,20,Kenya,Regular,2025-03-14
C000015,Marvin Fowler,M,32,Uganda,Regular,2024-03-30
C000016,Michael Allen,F,47,Tanzania,VIP,2024-02-13
C000017,Lisa Ward,F,40,Kenya,New,2024-06-03
C000018,Michael Young,F,62,Uganda,New,2025-07-23
C000019,Amber Fitzgerald,M,52,Kenya,VIP,2024-02-20
C000020,Jacob Parsons,F,42,Tanzania,New,2024-11-01
C000021,Zachary Reed,M,61,Tanzania,VIP,2025-09-13
C000022,Kevin Mcdonald,M,70,Uganda,Regular,2023-10-30
C000023,Joseph Pitts,F,35,Uganda,VIP,2026-04-07
C000024,Patrick Jenkins,F,31,Rwanda,Regular,2026-02-02
C000025,Justin Perez,F,27,Tanzania,VIP,2024-06-24
C000026,Alicia Jackson,M,65,Tanzania,New,2025-08-16
C000027,Sabrina Smith,F,55,Rwanda,Regular,2026-05-15
C000028,Amber Williams,M,26,Rwanda,VIP,2025-06-30
C000029,Bradley Johnson,M,25,Kenya,New,2024-08-06
C000030,Kristin Robles,M,68,Rwanda,New,2023-09-21
C000031,Dawn Hunt,M,42,Rwanda,New,2026-02-22
C000032,Glenn Martin,F,51,Tanzania,New,2023-05-30
C000033,Christina Shelton,M,61,Uganda,New,2025-11-04
C000034,Richard Daniel,F,67,Tanzania,VIP,2026-01-27
C000035,Laura Murphy,F,45,Kenya,Regular,2023-07-15
C000036,Becky Ellis,M,64,Tanzania,New,2023-07-29
C000037,Glenn Fernandez,M,50,Uganda,New,2024-01-08
C000038,John Figueroa,F,58,Kenya,VIP,2026-02-25
C000039,Tanya Miller,F,66,Kenya,New,2023-07-05
C000040,Shawn Salinas,M,56,Tanzania,Regular,2023-10-10
C000041,Amanda Wiggins,M,25,Tanzania,Regular,2026-02-01
C000042,Kevin Smith,M,21,Kenya,New,2025-04-18
C000043,David Padilla,M,23,Rwanda,VIP,2026-04-04
C000044,Courtney Gray,M,26,Rwanda,New,2025-02-08
C000045,Donna Johnston,M,34,Rwanda,VIP,2024-01-20
C000046,Linda Zamora,M,63,Tanzania,Regular,2025-05-14
C000047,Jason Martin,F,46,Rwanda,VIP,2025-07-06
C000048,Tammy Khan,M,32,Uganda,Regular,2026-02-21
C000049,Suzanne Schmidt,M,55,Kenya,New,2026-03-10
C000050,Victoria Klein,M,18,Uganda,New,2025-05-17
C000051,Julie Wade,M,32,Uganda,VIP,2024-01-09
C000052,Brian Adams Jr.,F,22,Kenya,Regular,2024-07-19
C000053,Sandra Bennett,F,31,Kenya,New,2024-04-23
C000054,Steven Tucker,F,33,Rwanda,Regular,2026-01-11
C000055,Nancy Moore,M,24,Uganda,New,2025-05-11
C000056,Daniel Duncan,F,40,Rwanda,Regular,2024-05-26
C000057,Anita Reyes,F,64,Uganda,New,2024-12-06
C000058,Mark Smith,M,21,Rwanda,New,2025-08-19
C000059,Melissa Fernandez,F,69,Uganda,VIP,2025-09-13
C000060,Rickey Brooks,M,30,Rwanda,VIP,2024-11-30
C000061,Gregory Savage,F,29,Tanzania,Regular,2025-03-20
C000062,Amy Miller,M,22,Rwanda,New,2025-06-14
C000063,Eddie Chambers,M,21,Uganda,VIP,2023-12-24
C000064,Willie Travis,M,28,Rwanda,Regular,2023-06-17
C000065,Mary Smith,F,31,Rwanda,VIP,2024-06-28
C000066,Gabrielle Mason DDS,M,42,Uganda,Regular,2023-08-18
C000067,Felicia Todd,F,68,Rwanda,Regular,2024-12-01
C000068,Mr. Eric Bowen MD,F,62,Rwanda,VIP,2025-05-21
C000069,Christine Kim,M,36,Kenya,VIP,2024-08-28
C000070,Curtis Myers,M,65,Tanzania,VIP,2025-11-15
C000071,Mark Burton,M,55,Rwanda,New,2025-09-17
C000072,Jason Ritter,M,21,Uganda,VIP,2025-03-10
C000073,Peggy Burch,M,56,Uganda,New,2026-03-17
C000074,Katherine Smith,M,43,Uganda,New,2025-10-31
C000075,Nicole Thompson,M,55,Uganda,New,2025-06-10
C000076,Terry English,M,44,Tanzania,Regular,2025-05-25
C000077,Theresa Leonard,M,60,Tanzania,VIP,2026-03-13
C000078,Steve Cooley,F,43,Kenya,New,2024-07-18
C000079,Kevin Solomon,F,47,Tanzania,VIP,2024-08-20
C000080,Andrew Reese,M,47,Uganda,VIP,2024-09-27
C000081,Teresa Livingston,M,50,Tanzania,VIP,2025-10-10
C000082,Megan Gonzales,F,22,Kenya,Regular,2026-03-01
C000083,Jeffrey Pearson,F,28,Rwanda,New,2023-10-20
C000084,William Sanchez,F,57,Uganda,New,2023-09-03
C000085,Andrew Johnson,F,60,Uganda,VIP,2023-07-15
C000086,Joseph Peck,F,25,Uganda,New,2024-04-19
C000087,Jimmy Knight,M,35,Tanzania,New,2023-06-23
C000088,Erin Wilcox,M,63,Tanzania,VIP,2025-12-30
C000089,Evan Huber,F,50,Rwanda,Regular,2025-04-29
C000090,Kyle Hill II,M,23,Rwanda,Regular,2023-06-06
C000091,Robin Barnes,M,18,Tanzania,VIP,2024-10-27
C000092,Mr. Mark Crawford,F,28,Rwanda,New,2024-01-11
C000093,Mr. Henry Allison MD,F,53,Uganda,VIP,2025-03-02
C000094,Emily Nelson,M,62,Kenya,New,2026-02-20
C000095,Amber Walker,M,41,Kenya,Regular,2023-06-03
C000096,Barry Townsend,M,20,Tanzania,Regular,2025-09-30
C000097,Kevin Anderson,M,40,Kenya,New,2026-01-13
C000098,Melissa Johnson,M,60,Uganda,Regular,2023-12-26
C000099,Abigail Morgan,F,57,Kenya,VIP,2023-12-11
C000100,Jenny Smith,M,69,Kenya,Regular,2025-07-07
C000101,Diane Weber,M,29,Tanzania,Regular,2024-04-18
C000102,Dr. Kristin Ortiz,M,35,Kenya,New,2023-10-16
C000103,Melanie Norris,M,42,Uganda,Regular,2024-10-02
C000104,Robert Olson,M,30,Rwanda,Regular,2026-05-18
C000105,Christopher Moyer,F,70,Kenya,VIP,2023-06-07
C000106,Lisa Morgan,M,60,Kenya,Regular,2023-11-01
C000107,Angela Higgins,F,35,Uganda,Regular,2024-10-17
C000108,Kevin Bowers,F,59,Rwanda,New,2024-06-14
C000109,Allison Werner,F,19,Uganda,Regular,2023-11-29
C000110,Eric Garcia,M,55,Tanzania,VIP,2025-01-25
C000111,Calvin Thomas,M,56,Rwanda,Regular,2025-10-20
C000112,Alejandro Solomon,F,45,Uganda,Regular,2026-03-19
C000113,Jeffrey Lucas,M,34,Uganda,New,2026-02-22
C000114,Seth Carpenter,F,18,Kenya,Regular,2025-08-28
C000115,Jennifer Bailey,F,22,Tanzania,New,2025-01-04
C000116,Angela Reynolds,F,60,Uganda,New,2025-09-24
C000117,Katherine Coleman,F,50,Tanzania,New,2025-12-02
C000118,Megan Avila,F,38,Rwanda,New,2025-11-25
C000119,Sara Meyer,F,53,Kenya,VIP,2026-05-24
C000120,Alexis Taylor,F,60,Rwanda,New,2025-07-12
C000121,David Nelson,M,57,Tanzania,Regular,2025-04-25
C000122,Alex Rodriguez,M,37,Tanzania,VIP,2024-06-18
C000123,Peter Reed,F,68,Tanzania,Regular,2023-08-27
C000124,James Levy,F,46,Kenya,New,2023-11-17
C000125,Thomas Mata,F,68,Kenya,New,2024-12-28
C000126,Samuel Hatfield,M,36,Tanzania,VIP,2023-09-06
C000127,Kimberly Robbins,M,61,Tanzania,VIP,2024-09-23
C000128,Ellen Atkins,M,27,Uganda,VIP,2025-05-06
C000129,Sheri Barnes,M,48,Uganda,Regular,2024-08-19
C000130,Alice Guerrero,F,58,Kenya,New,2024-09-15
C000131,Robert Tyler,F,49,Rwanda,VIP,2026-04-21
C000132,Rebecca Castaneda,M,59,Uganda,VIP,2026-03-02
C000133,Nicholas Diaz,F,32,Kenya,New,2026-01-18
C000134,Shannon Chambers,F,21,Kenya,VIP,2024-12-04
C000135,Monique Cobb,F,26,Rwanda,New,2024-02-10
C000136,Melissa Stevens,F,66,Rwanda,New,2026-01-28
C000137,Ms. Sheri Whitaker,F,53,Rwanda,VIP,2026-04-07
C000138,Johnathan Smith,F,46,Tanzania,VIP,2024-12-03
C000139,Joshua Williams,F,67,Rwanda,New,2026-04-24
C000140,Julie Rivera,M,35,Rwanda,VIP,2025-01-25
C000141,Morgan Bowman,F,33,Tanzania,Regular,2025-12-20
C000142,Tom Walsh,F,52,Uganda,VIP,2024-03-14
C000143,Rebecca Krueger,M,32,Rwanda,New,2025-04-17
C000144,Patrick Bryant,M,63,Kenya,VIP,2025-01-29
C000145,Mark Nelson,F,44,Tanzania,New,2025-03-22
C000146,Lisa Rivera,F,44,Uganda,VIP,2023-06-13
C000147,Billy Chase,F,42,Uganda,New,2023-10-18
C000148,Benjamin Garcia,F,48,Uganda,Regular,2025-11-27
C000149,Mr. Michael Johnson,F,66,Rwanda,Regular,2024-02-18
C000150,Jennifer Clark,M,49,Kenya,Regular,2024-12-24
C000151,Samuel Klein,F,49,Uganda,Regular,2023-06-25
C000152,Vicki Duarte,F,60,Rwanda,New,2025-08-10
C000153,Andrea Mcknight,M,47,Kenya,New,2023-06-28
C000154,Jamie Perkins,M,43,Uganda,VIP,2026-02-27
C000155,Scott Williams,F,26,Rwanda,VIP,2025-07-23
C000156,Tina Johnson,M,34,Rwanda,Regular,2026-01-13
C000157,Noah Cole,M,47,Tanzania,Regular,2024-07-14
C000158,Daniel Nielsen,F,35,Rwanda,Regular,2024-06-09
C000159,Amanda Jackson,M,48,Uganda,New,2023-12-11
C000160,Theodore Jones,M,40,Kenya,New,2024-09-04
C000161,Kevin West,M,67,Uganda,VIP,2025-03-04
C000162,William Aguilar,M,30,Uganda,New,2024-10-23
C000163,Cynthia Martinez,M,33,Kenya,Regular,2026-01-01
C000164,Kayla Gonzalez,M,54,Kenya,Regular,2024-06-04
C000165,Pam Santana,F,67,Tanzania,VIP,2024-05-05
C000166,Sally Mitchell,M,67,Kenya,Regular,2023-06-17
C000167,Robert Brock,M,55,Uganda,Regular,2026-05-07
C000168,Jeffery Yoder,F,43,Kenya,VIP,2025-10-20
C000169,Donald Morales,M,24,Tanzania,New,2023-07-11
C000170,Katherine Rose,M,68,Uganda,Regular,2025-01-07
C000171,Theresa Lambert,F,60,Tanzania,VIP,2023-06-15
C000172,Steven Allison,F,18,Rwanda,Regular,2025-07-09
C000173,Samantha Shields,M,45,Tanzania,New,2023-07-26
C000174,William Nash,F,63,Kenya,Regular,2023-12-18
C000175,Rhonda Jones,M,64,Tanzania,New,2023-06-19
C000176,Karen Cruz,F,47,Rwanda,New,2025-06-27
C000177,Keith Sawyer,F,38,Kenya,VIP,2024-07-22
C000178,Jacob Turner,F,46,Kenya,Regular,2024-12-04
C000179,Audrey Daugherty,F,39,Uganda,Regular,2025-12-24
C000180,John Garcia,F,29,Rwanda,VIP,2025-12-17
C000181,Keith Ingram,F,69,Tanzania,Regular,2024-01-09
C000182,Ross Ortiz,F,56,Tanzania,New,2024-03-10
C000183,Stephen Williams,M,51,Kenya,VIP,2023-08-01
C000184,Steven Hurley,M,64,Rwanda,Regular,2025-10-22
C000185,William Chang,M,62,Rwanda,New,2023-10-11
C000186,Richard Lee,F,46,Uganda,VIP,2023-05-30
C000187,Luis Johnson,F,32,Rwanda,New,2023-10-16
C000188,Micheal White,M,37,Tanzania,Regular,2024-10-16
C000189,Sara Blair,F,45,Tanzania,Regular,2024-03-17
C000190,Deborah Underwood,F,35,Tanzania,Regular,2023-10-16
C000191,Aaron Young,M,25,Kenya,Regular,2025-04-28
C000192,Mariah Shaw,M,65,Kenya,VIP,2023-11-30
C000193,Jeffrey Wang,M,65,Rwanda,Regular,2023-06-22
C000194,James Baker,F,24,Kenya,Regular,2026-04-15
C000195,Daniel Porter,M,41,Kenya,Regular,2025-12-20
C000196,Brad Ross,M,63,Kenya,Regular,2025-07-04
C000197,Christopher Compton,M,21,Tanzania,New,2025-12-01
C000198,Natalie Martinez,M,58,Rwanda,VIP,2025-11-18
C000199,Karen Long,M,54,Tanzania,Regular,2025-08-17
C000200,Jason Wong,F,46,Tanzania,VIP,2023-11-21
C000201,Tiffany Hancock,M,34,Rwanda,VIP,2026-05-04
C000202,John Blake,M,43,Rwanda,VIP,2024-03-20
C000203,Barry Mcclure,M,27,Kenya,New,2025-07-04
C000204,Clayton Burns,F,23,Kenya,VIP,2024-06-10
C000205,Michael Miller,F,56,Kenya,New,2026-04-09
C000206,Linda Harrison,F,46,Rwanda,Regular,2024-07-07
C000207,Brett Eaton,F,37,Uganda,New,2024-02-16
C000208,Erika Rivera,M,66,Kenya,New,2023-10-06
C000209,Alexandra Green,M,34,Uganda,VIP,2023-12-09
C000210,Tyler Combs,M,29,Uganda,VIP,2025-03-07
C000211,William Mccoy,M,44,Rwanda,New,2023-06-12
C000212,Robyn Clark,F,36,Uganda,VIP,2026-01-25
C000213,Brittany Lewis,F,63,Tanzania,New,2025-10-18
C000214,Lisa Hoffman,F,22,Kenya,Regular,2024-02-03
C000215,Allen Barnes,M,45,Uganda,New,2024-12-29
C000216,Leslie Fleming,M,59,Kenya,Regular,2023-12-18
C000217,Molly Tucker,M,22,Uganda,VIP,2023-11-28
C000218,Christopher Bell,F,56,Tanzania,Regular,2023-05-29
C000219,James Medina,M,47,Tanzania,New,2024-09-23
C000220,Grant Smith,F,35,Rwanda,Regular,2025-11-17
C000221,Katelyn Rodgers,M,56,Uganda,Regular,2025-04-27
C000222,Melissa Holmes,F,56,Tanzania,VIP,2023-08-04
C000223,Kenneth Wilson,M,32,Uganda,New,2023-12-23
C000224,Anthony Henry,F,54,Uganda,VIP,2024-09-04
C000225,William Brown,F,51,Rwanda,Regular,2023-07-29
C000226,Timothy Morse,M,55,Rwanda,New,2026-04-17
C000227,Jessica Pacheco,F,23,Rwanda,Regular,2024-05-25
C000228,Lisa Harris,F,39,Tanzania,New,2025-06-22
C000229,Dr. Natalie Davenport DDS,M,28,Tanzania,Regular,2026-04-02
C000230,Mandy Huff,F,36,Rwanda,New,2024-07-01
C000231,Kristen Roberson,M,47,Uganda,Regular,2025-05-28
C000232,Tamara Roberts,F,38,Uganda,Regular,2025-09-23
C000233,Jessica Mendoza,M,60,Rwanda,Regular,2024-10-30
C000234,Cameron Boyd,M,30,Tanzania,New,2024-12-06
C000235,Frank Nelson,F,58,Rwanda,VIP,2024-03-31
C000236,Mr. Brandon Moore,M,35,Kenya,Regular,2025-04-19
C000237,Natalie Ashley DDS,F,62,Rwanda,VIP,2024-05-07
C000238,Pamela Hale,M,58,Kenya,New,2025-10-04
C000239,James Lowe,M,37,Uganda,New,2023-06-13
C000240,Jennifer Johnson,F,23,Kenya,VIP,2023-06-06
C000241,Patricia Bridges,F,25,Kenya,Regular,2024-01-07
C000242,Charles Delacruz,F,50,Tanzania,Regular,2024-07-11
C000243,Kathryn Howell,F,48,Kenya,Regular,2025-09-15
C000244,Donna Schmidt,M,42,Kenya,New,2023-10-17
C000245,Cristian Strickland,M,22,Tanzania,Regular,2025-08-21
C000246,Joshua Wilson,F,68,Tanzania,VIP,2024-12-06
C000247,Kevin Bennett,F,64,Tanzania,New,2025-06-30
C000248,Patrick Martinez,F,27,Rwanda,New,2023-10-17
C000249,Deborah Davidson,F,40,Tanzania,New,2023-10-20
C000250,Eric Galvan,F,47,Tanzania,VIP,2026-01-02
C000251,Brandi Robbins,M,54,Rwanda,VIP,2024-12-04
C000252,Kelly Henderson,F,20,Tanzania,New,2024-03-18
C000253,Austin Fischer,F,63,Rwanda,Regular,2024-11-25
C000254,Julian Mills,M,49,Uganda,VIP,2024-06-30
C000255,Stephanie Benson,F,24,Rwanda,VIP,2024-07-26
C000256,William Lee,F,18,Kenya,Regular,2025-02-18
C000257,Linda Miller,M,22,Rwanda,Regular,2026-04-14
C000258,Mathew Swanson,F,57,Rwanda,New,2024-12-04
C000259,Nancy Wright,M,39,Rwanda,Regular,2025-10-03
C000260,Anthony Green,F,52,Uganda,New,2024-08-24
C000261,Holly Fry DDS,M,33,Tanzania,VIP,2024-10-17
C000262,Rachel Harrison,M,45,Uganda,New,2025-08-05
C000263,Jamie Brown,M,46,Kenya,New,2026-01-27
C000264,Justin Ward,F,19,Uganda,Regular,2024-12-13
C000265,Janice Hart,M,36,Tanzania,Regular,2024-12-19
C000266,Jennifer Nicholson,F,27,Kenya,New,2023-10-04
C000267,Ricardo Smith,F,54,Kenya,VIP,2024-08-23
C000268,Taylor Gomez,M,23,Rwanda,New,2024-08-18
C000269,Matthew Herring,M,49,Kenya,VIP,2024-11-12
C000270,Alexandria White,F,58,Tanzania,Regular,2025-12-22
C000271,Rita Erickson,F,60,Uganda,Regular,2023-10-09
C000272,Travis Ballard,F,61,Kenya,VIP,2026-03-13
C000273,Karen Hansen,F,40,Tanzania,New,2026-02-02
C000274,Gregory Dawson,F,62,Tanzania,Regular,2023-12-12
C000275,Jacqueline Walsh,F,30,Rwanda,Regular,2023-12-02
C000276,Shelley Jones,M,33,Rwanda,New,2024-11-02
C000277,Alisha Lawrence,F,54,Tanzania,New,2025-12-20
C000278,Michael Hill,F,19,Rwanda,Regular,2024-07-16
C000279,Eric Smith,M,54,Uganda,New,2024-01-05
C000280,Jason Velasquez,F,36,Kenya,New,2026-01-23
C000281,Jason Prince,F,32,Kenya,New,2025-10-13
C000282,Kyle Jones,F,61,Kenya,New,2025-02-09
C000283,Lisa Mccoy,M,58,Uganda,Regular,2023-09-13
C000284,Howard Sanchez,F,20,Tanzania,New,2024-07-25
C000285,Jason Hughes,M,23,Tanzania,Regular,2024-12-02
C000286,Brandon Garcia,F,29,Kenya,VIP,2024-10-26
C000287,Steve Gibson,F,51,Tanzania,VIP,2025-07-11
C000288,Brian White,F,70,Rwanda,Regular,2023-07-23
C000289,Sheila Grimes,F,69,Uganda,Regular,2024-10-04
C000290,Kristin Taylor,M,27,Kenya,New,2023-06-10
C000291,Loretta Miller,F,69,Tanzania,VIP,2023-11-26
C000292,Monique Oconnell,F,18,Tanzania,New,2026-05-05
C000293,Melissa Diaz,M,47,Tanzania,New,2023-06-23
C000294,Glen Thompson,F,55,Rwanda,New,2023-10-07
C000295,John Adams,F,24,Kenya,Regular,2024-06-29
C000296,Brandon Davis,M,57,Tanzania,New,2025-12-22
C000297,Lisa Butler,M,59,Uganda,New,2025-11-26
C000298,Jessica Compton,F,62,Tanzania,New,2025-12-02
C000299,William Murray,F,25,Kenya,VIP,2026-04-25
C000300,Connor Foster,M,37,Rwanda,VIP,2023-09-18
C000301,Brandi Gregory,M,33,Kenya,Regular,2023-12-12
C000302,Clifford Allen,F,41,Rwanda,New,2023-12-31
C000303,Matthew Garcia,M,44,Uganda,Regular,2024-12-31
C000304,Diana Thomas,F,35,Uganda,New,2025-11-04
C000305,Lauren Garcia,F,31,Rwanda,Regular,2023-12-07
C000306,Joan Collier,M,41,Uganda,New,2025-12-31
C000307,David Silva,F,52,Tanzania,VIP,2026-03-21
C000308,Jennifer Holt,F,35,Kenya,VIP,2025-04-01
C000309,Ryan Miller,F,23,Kenya,New,2026-01-31
C000310,Taylor Cohen,M,21,Tanzania,VIP,2023-11-17
C000311,John Morrison,M,68,Kenya,VIP,2025-04-01
C000312,Desiree Saunders,M,55,Kenya,VIP,2025-10-08
C000313,Catherine Griffin,F,67,Kenya,New,2023-06-17
C000314,Linda Young,M,35,Kenya,VIP,2024-05-16
C000315,John Lewis,F,69,Kenya,VIP,2024-04-26
C000316,Samuel Ortiz,M,26,Uganda,Regular,2023-08-24
C000317,Anthony Brown,M,55,Tanzania,VIP,2023-10-18
C000318,Brian Gibbs,M,34,Uganda,VIP,2026-01-03
C000319,Christopher Nelson,F,51,Uganda,New,2025-10-28
C000320,Crystal Harmon,M,48,Rwanda,Regular,2023-11-09
C000321,Valerie Berg,M,46,Kenya,New,2025-04-25
C000322,Carol Murray,M,64,Tanzania,Regular,2023-06-08
C000323,Charles Smith,M,21,Rwanda,Regular,2023-12-15
C000324,Briana Morrow,F,61,Uganda,Regular,2025-10-19
C000325,Autumn Peters,F,22,Uganda,Regular,2023-11-19
C000326,Evelyn Jimenez,M,22,Kenya,Regular,2025-04-22
C000327,Ashley Brooks,F,42,Tanzania,Regular,2026-02-25
C000328,Jacqueline Miller,F,24,Uganda,New,2025-05-24
C000329,Herbert Smith,M,45,Rwanda,VIP,2025-07-12
C000330,Samantha Carroll,F,39,Rwanda,Regular,2023-10-26
C000331,Julie Johnson,F,64,Uganda,Regular,2026-01-25
C000332,Ann Kim,F,38,Tanzania,Regular,2026-03-12
C000333,Patrick Strickland,M,61,Rwanda,VIP,2023-08-29
C000334,Melanie Taylor,M,23,Uganda,Regular,2023-08-10
C000335,Robert Harris,M,65,Tanzania,VIP,2023-11-30
C000336,Charles Henry,M,55,Tanzania,New,2026-01-02
C000337,Joanna Manning,M,44,Tanzania,New,2023-09-09
C000338,Richard Robinson,F,64,Uganda,Regular,2025-06-22
C000339,Erin Price,F,40,Uganda,New,2026-05-20
C000340,Devin Gibson,M,27,Rwanda,VIP,2024-06-19
C000341,Michael Collins,M,40,Tanzania,VIP,2026-04-01
C000342,Albert Black,F,54,Kenya,Regular,2025-11-20
C000343,James Martin,M,56,Tanzania,VIP,2025-03-27
C000344,Angelica Richardson,M,35,Tanzania,Regular,2026-04-08
C000345,Catherine Stone,F,18,Kenya,VIP,2023-11-06
C000346,Sarah Maddox,F,22,Kenya,New,2024-08-16
C000347,Michael Brown,M,23,Kenya,Regular,2024-07-03
C000348,Cheyenne Estes,F,47,Tanzania,VIP,2024-01-10
C000349,Jill Stevens,F,37,Tanzania,New,2023-06-26
C000350,Dalton Bass,M,21,Kenya,VIP,2023-09-12
C000351,Kevin Dalton,M,61,Uganda,Regular,2025-08-24
C000352,Brittany Lee,F,60,Rwanda,Regular,2026-05-22
C000353,Michael Diaz,F,44,Tanzania,VIP,2025-03-12
C000354,Jessica Taylor,M,40,Rwanda,VIP,2026-05-16
C000355,Andrew Branch,F,61,Rwanda,New,2023-08-18
C000356,Nicole Mcdaniel,F,20,Kenya,Regular,2024-11-10
C000357,Cassidy Holmes,M,18,Kenya,Regular,2025-05-18
C000358,Shannon Mcdowell,M,67,Kenya,Regular,2024-05-31
C000359,Misty Cook,F,38,Uganda,VIP,2024-09-27
C000360,David Jackson,F,65,Rwanda,VIP,2024-03-26
C000361,Daniel Allen,M,42,Kenya,New,2023-07-23
C000362,Kristen Graham,F,22,Rwanda,New,2023-10-25
C000363,Nicholas Elliott,M,45,Uganda,Regular,2025-02-20
C000364,Donald Lyons,M,38,Rwanda,New,2024-11-28
C000365,Paul Sellers,F,63,Rwanda,Regular,2024-03-22
C000366,Michael Heath,M,43,Uganda,Regular,2024-12-09
C000367,Scott Mccarthy,M,69,Rwanda,New,2026-05-09
C000368,Amy Jennings,F,23,Rwanda,VIP,2024-04-29
C000369,Ronald Edwards,M,45,Rwanda,New,2026-03-12
C000370,Keith Smith,M,43,Tanzania,New,2023-09-02
C000371,Robert Zuniga,F,32,Tanzania,VIP,2024-10-27
C000372,Reginald Nguyen,M,50,Uganda,New,2025-01-03
C000373,Paul Roy,M,67,Tanzania,Regular,2025-11-30
C000374,David Goodwin,M,33,Uganda,VIP,2025-01-09
C000375,Heather Wilson,F,30,Kenya,New,2024-07-31
C000376,Patricia Davis,M,66,Uganda,VIP,2023-09-15
C000377,Linda Page,F,47,Rwanda,New,2026-05-19
C000378,Andrew Baker,F,58,Tanzania,VIP,2025-01-30
C000379,James Robinson,F,22,Rwanda,Regular,2024-06-08
C000380,Tina Foster,F,68,Tanzania,New,2025-02-02
C000381,Carrie Kennedy,M,40,Uganda,Regular,2025-01-18
C000382,Melissa Atkinson,F,46,Uganda,VIP,2024-01-21
C000383,Michael Jones,F,36,Uganda,New,2024-03-30
C000384,Shawn Jimenez,M,57,Rwanda,Regular,2025-09-12
C000385,Michele Boyd,M,46,Kenya,Regular,2025-01-20
C000386,Caitlin Lee,F,50,Kenya,VIP,2024-11-14
C000387,Christopher Young,F,24,Tanzania,New,2024-07-06
C000388,Wendy Kelley,M,50,Kenya,VIP,2025-12-12
C000389,Kayla Fry,M,63,Rwanda,Regular,2024-02-13
C000390,Katherine Ramirez,M,41,Tanzania,Regular,2023-07-11
C000391,Margaret Thomas,F,44,Tanzania,New,2025-07-21
C000392,Nathaniel Caldwell,M,68,Tanzania,VIP,2025-03-23
C000393,Norma Turner,F,24,Rwanda,Regular,2024-07-31
C000394,Michael Brown,F,64,Kenya,Regular,2025-03-21
C000395,Megan Rogers,M,55,Kenya,Regular,2023-10-22
C000396,Katherine Rangel,F,59,Rwanda,VIP,2024-03-08
C000397,Laura Hatfield,M,37,Rwanda,New,2024-12-15
C000398,Christopher Williams,F,70,Kenya,New,2025-05-19
C000399,Brittany Williams,M,59,Rwanda,New,2023-12-01
C000400,Joanne Jones,F,19,Tanzania,Regular,2025-11-02
C000401,Martha Baldwin,M,31,Tanzania,Regular,2024-03-26
C000402,Patrick Joseph,M,32,Kenya,VIP,2023-09-09
C000403,Elizabeth Johnson,M,36,Uganda,New,2023-06-28
C000404,Mercedes Villegas,M,60,Tanzania,New,2024-07-09
C000405,Paul Hart,M,56,Rwanda,VIP,2025-02-02
C000406,Michael Chung,M,29,Kenya,New,2024-09-13
C000407,Brittany Carey,F,20,Rwanda,Regular,2025-01-27
C000408,Wanda Riley,M,46,Tanzania,New,2025-04-26
C000409,Tamara Chapman,F,32,Kenya,Regular,2023-11-17
C000410,Jenna Bailey,F,30,Tanzania,New,2025-01-03
C000411,Brianna Rhodes,F,47,Tanzania,Regular,2024-04-03
C000412,Susan Baker,F,28,Kenya,New,2024-05-12
C000413,Tyler Turner,M,34,Uganda,New,2026-01-02
C000414,Jordan Gonzalez,F,41,Uganda,New,2023-11-03
C000415,Joseph Carter,M,36,Uganda,VIP,2024-07-06
C000416,Mr. Jeffrey Kelley DVM,F,46,Kenya,Regular,2024-07-07
C000417,Peter Cruz,M,32,Rwanda,Regular,2023-12-31
C000418,Daniel Barber,M,44,Uganda,Regular,2023-11-24
C000419,Thomas Howard,F,33,Rwanda,VIP,2024-03-28
C000420,Joseph Baker,F,32,Uganda,Regular,2024-09-06
C000421,Jessica Campbell,M,63,Tanzania,VIP,2024-07-30
C000422,Kenneth Brown,M,20,Tanzania,Regular,2026-02-21
C000423,Brian Mckinney,M,66,Rwanda,Regular,2024-03-28
C000424,Christopher Harvey,M,23,Uganda,Regular,2025-10-16
C000425,Nicole Holder,M,27,Rwanda,VIP,2025-06-26
C000426,Melissa Peterson,F,33,Tanzania,VIP,2024-04-14
C000427,Eric Baker Jr.,M,33,Rwanda,New,2024-12-17
C000428,Mark Robinson,F,22,Uganda,Regular,2025-08-08
C000429,Anne Jordan,M,58,Kenya,New,2024-08-28
C000430,Kristen Decker,M,36,Rwanda,VIP,2024-01-22
C000431,Stephen Brown,F,33,Rwanda,VIP,2025-01-08
C000432,Jason Hart,M,51,Tanzania,VIP,2024-08-24
C000433,James Myers,M,42,Rwanda,VIP,2025-09-05
C000434,Yolanda Jordan,F,41,Tanzania,New,2026-01-17
C000435,David Freeman,M,40,Uganda,Regular,2023-12-10
C000436,Donna Zhang,M,64,Uganda,New,2025-03-14
C000437,Garrett Smith,F,26,Uganda,Regular,2023-07-11
C000438,Robert Dunn,F,70,Kenya,New,2025-01-23
C000439,Shannon West,F,62,Rwanda,New,2023-08-10
C000440,Joseph Levy,M,69,Kenya,VIP,2025-12-16
C000441,Peter Adkins,F,20,Tanzania,VIP,2025-12-27
C000442,Lisa Browning,M,68,Kenya,VIP,2023-11-12
C000443,Jaime Wood,F,37,Rwanda,New,2024-03-30
C000444,Valerie Kerr,F,34,Uganda,New,2023-07-10
C000445,Mary Galvan,M,36,Tanzania,VIP,2025-12-30
C000446,Lindsey Crawford,F,35,Uganda,Regular,2024-09-12
C000447,Jeffrey Freeman,F,43,Rwanda,Regular,2023-07-19
C000448,Mary Kennedy,F,29,Rwanda,New,2024-03-10
C000449,Taylor Gonzalez,F,41,Tanzania,VIP,2025-03-25
C000450,Stephen Harris,F,23,Rwanda,New,2024-03-27
C000451,Chad Gonzalez,M,52,Tanzania,Regular,2025-10-08
C000452,Corey Nixon,M,23,Tanzania,New,2025-08-16
C000453,Gary Miller,F,37,Rwanda,New,2024-12-14
C000454,Vincent Bruce,F,28,Rwanda,Regular,2023-10-04
C000455,Wendy Reed,F,20,Tanzania,New,2024-06-06
C000456,Adam Montgomery,F,35,Uganda,VIP,2024-08-12
C000457,Michael Park,F,41,Kenya,VIP,2023-08-12
C000458,Philip Brady,M,56,Rwanda,VIP,2024-10-15
C000459,Lauren Lawrence,M,22,Kenya,New,2026-02-23
C000460,Dana Chambers,F,41,Rwanda,New,2025-12-25
C000461,Grace Steele,M,56,Kenya,New,2025-05-11
C000462,Brian Gray,F,41,Tanzania,Regular,2024-01-12
C000463,Crystal Bradley,M,54,Kenya,New,2024-05-11
C000464,Megan Espinoza,F,43,Tanzania,New,2024-10-11
C000465,Vanessa Rice,F,33,Uganda,VIP,2025-05-27
C000466,Alan Park,M,49,Rwanda,New,2026-01-19
C000467,Corey Baldwin,M,34,Tanzania,New,2024-09-26
C000468,Rachel Mcgee,F,31,Tanzania,New,2023-12-11
C000469,Joseph Buchanan PhD,F,30,Uganda,VIP,2023-10-24
C000470,Michael Jordan,M,46,Kenya,New,2025-02-10
C000471,Amber Smith,F,23,Tanzania,New,2026-03-07
C000472,Kyle Maxwell,F,63,Uganda,New,2024-10-28
C000473,Rachel Fischer,F,37,Kenya,New,2026-04-29
C000474,Angela Schroeder,M,68,Tanzania,New,2024-03-29
C000475,Nathan Garcia,M,25,Kenya,VIP,2024-05-06
C000476,Kenneth Hatfield,M,68,Rwanda,VIP,2023-10-02
C000477,Alex Reyes,F,53,Tanzania,Regular,2024-02-15
C000478,Mr. Charles Williams,M,57,Uganda,VIP,2025-09-29
C000479,Stephanie Ortega,F,43,Rwanda,New,2025-04-19
C000480,Andrew Mcfarland,F,67,Rwanda,New,2024-08-09
C000481,Daniel Brown,M,26,Tanzania,New,2024-10-28
C000482,Mark Scott,M,46,Rwanda,New,2024-11-25
C000483,Barbara Bell,F,26,Kenya,VIP,2023-09-21
C000484,Donna Williams,F,50,Uganda,VIP,2024-08-31
C000485,Traci Willis,M,37,Kenya,VIP,2024-09-04
C000486,Daniel Macias,F,63,Kenya,Regular,2024-05-11
C000487,Robert Steele,F,23,Tanzania,VIP,2024-06-12
C000488,James Garcia,F,26,Tanzania,New,2025-07-24
C000489,Richard Jones,M,50,Kenya,New,2025-09-22
C000490,Kari Hartman,M,28,Tanzania,New,2025-02-02
C000491,Jill Doyle,M,70,Uganda,VIP,2023-08-08
C000492,Charles Tyler,M,59,Tanzania,New,2025-11-01
C000493,Pamela Paul DDS,M,67,Rwanda,New,2025-10-30
C000494,Jacob Barajas,M,49,Tanzania,New,2023-06-04
C000495,Jim Martin,F,48,Kenya,New,2023-06-10
C000496,Deborah Woodard,F,37,Rwanda,VIP,2024-03-04
C000497,Whitney Cooper,M,28,Rwanda,Regular,2024-04-13
C000498,Victoria Moran,F,47,Kenya,Regular,2023-09-05
C000499,Daniel Lee,M,38,Tanzania,New,2026-01-27
C000500,Pamela King MD,F,43,Kenya,Regular,2023-06-06
C000501,Edward Kim,M,38,Kenya,Regular,2024-07-11
C000502,Joshua Reeves,M,35,Rwanda,VIP,2026-04-11
C000503,Ashley Hamilton,M,24,Uganda,Regular,2025-09-09
C000504,Amanda White,F,57,Rwanda,VIP,2025-10-20
C000505,Stephanie Carroll,M,70,Tanzania,New,2023-08-28
C000506,Stephanie Frazier,F,30,Kenya,Regular,2023-07-13
C000507,John Golden,F,49,Tanzania,Regular,2023-11-19
C000508,Joanna King,M,23,Rwanda,New,2023-11-07
C000509,Robert Harris,F,33,Kenya,New,2025-07-23
C000510,Christopher Young,F,21,Uganda,Regular,2024-07-09
C000511,David Kim,F,56,Rwanda,Regular,2024-04-06
C000512,Stacey Brown MD,M,24,Rwanda,VIP,2026-02-28
C000513,Barbara Rogers,F,64,Tanzania,Regular,2024-05-27
C000514,Max Morris,F,20,Rwanda,VIP,2023-11-29
C000515,Shelby Mcgee,M,41,Tanzania,VIP,2026-01-05
C000516,Kristen Atkins,F,50,Rwanda,New,2024-10-27
C000517,Garrett Scott,F,70,Uganda,VIP,2023-06-14
C000518,Tina Rogers,M,43,Tanzania,Regular,2026-01-25
C000519,Aaron James,F,66,Kenya,VIP,2024-11-14
C000520,Richard Parsons,F,50,Uganda,VIP,2026-01-06
C000521,Isabel Casey,M,26,Tanzania,Regular,2024-08-23
C000522,Scott Murphy,F,27,Kenya,Regular,2026-05-24
C000523,Jeanette Salazar,F,28,Rwanda,New,2026-04-07
C000524,John Edwards,F,55,Tanzania,New,2024-05-14
C000525,Jill Cohen,F,63,Tanzania,Regular,2025-01-31
C000526,Robert Odonnell,M,41,Tanzania,New,2026-04-14
C000527,Heather Hernandez,M,44,Tanzania,New,2024-11-25
C000528,Barbara Burke,M,56,Rwanda,Regular,2024-04-11
C000529,Ashley Burns,M,64,Uganda,New,2024-11-02
C000530,Sarah Brown,F,28,Rwanda,VIP,2025-02-10
C000531,Madison Anderson,M,20,Uganda,VIP,2023-12-31
C000532,Lori Vasquez,M,46,Tanzania,Regular,2024-02-08
C000533,Joseph Taylor,M,44,Kenya,Regular,2024-01-15
C000534,Theresa Watson,F,65,Uganda,New,2025-03-30
C000535,Jermaine Austin,M,51,Kenya,New,2023-10-05
C000536,Douglas Bishop,F,60,Rwanda,New,2023-08-01
C000537,Scott Cunningham,F,38,Kenya,Regular,2026-01-18
C000538,Karl Mcpherson,F,52,Tanzania,New,2025-12-21
C000539,Kelli Frederick,F,57,Rwanda,VIP,2024-03-29
C000540,Susan Olson,M,35,Tanzania,VIP,2025-11-27
C000541,Susan Alvarez,F,67,Tanzania,New,2024-05-28
C000542,Sharon Murphy,M,62,Rwanda,Regular,2025-04-10
C000543,Brittany Fischer,F,40,Tanzania,Regular,2025-08-01
C000544,Charles Lara,M,54,Rwanda,Regular,2023-07-31
C000545,Alyssa Garcia,F,67,Kenya,Regular,2024-01-28
C000546,Becky Smith,M,36,Uganda,Regular,2025-09-28
C000547,Mr. Paul Wright,F,59,Tanzania,New,2024-12-11
C000548,Mary Morgan,F,31,Kenya,New,2026-04-11
C000549,Dominique Coleman,F,53,Tanzania,VIP,2024-08-12
C000550,Jorge Mata,M,57,Kenya,VIP,2024-02-13
C000551,Christine Brooks,M,60,Kenya,New,2024-10-16
C000552,Cameron Owen,M,21,Uganda,Regular,2023-08-07
C000553,Chad Shields,F,63,Rwanda,VIP,2025-12-28
C000554,Kyle Smith,M,18,Kenya,Regular,2024-04-20
C000555,Richard Mcbride,F,48,Kenya,Regular,2024-11-11
C000556,Daniel Myers,F,36,Uganda,VIP,2025-06-08
C000557,Samuel Sweeney Jr.,M,52,Uganda,VIP,2024-07-25
C000558,Seth Bolton,F,29,Uganda,Regular,2024-10-04
C000559,Logan Barber,F,29,Tanzania,VIP,2024-02-13
C000560,Bruce Stewart,M,37,Uganda,Regular,2026-02-05
C000561,Albert Stewart,F,47,Rwanda,VIP,2023-09-24
C000562,Maurice Trujillo,F,35,Kenya,VIP,2023-09-04
C000563,Tammy Howard,F,28,Rwanda,New,2025-07-22
C000564,Connor Roberts,F,63,Kenya,VIP,2023-09-28
C000565,Justin Smith,F,68,Tanzania,New,2024-11-08
C000566,Tyler West,M,29,Rwanda,Regular,2025-09-03
C000567,Kelly Hubbard,F,23,Rwanda,New,2024-06-08
C000568,Holly Robbins,M,29,Kenya,Regular,2024-01-30
C000569,Daniel Lowery,F,33,Uganda,Regular,2025-07-27
C000570,Tom Nicholson,F,33,Rwanda,Regular,2023-07-13
C000571,Cynthia Edwards,F,37,Uganda,Regular,2026-05-06
C000572,Jessica Lozano,F,62,Kenya,VIP,2024-05-24
C000573,Kayla Hicks,M,47,Tanzania,VIP,2023-09-17
C000574,Vanessa Kline,F,61,Tanzania,New,2026-02-21
C000575,Mr. Manuel Bates DDS,M,58,Tanzania,Regular,2024-11-20
C000576,Brad Welch,M,32,Kenya,Regular,2025-01-14
C000577,Mr. James Walsh,M,47,Tanzania,Regular,2026-05-17
C000578,Angela Zamora,F,66,Kenya,VIP,2024-10-21
C000579,Daniel Martinez,M,51,Rwanda,New,2025-12-31
C000580,Carl Moore,F,22,Uganda,VIP,2025-05-20
C000581,Ray Brennan,M,54,Kenya,VIP,2024-12-21
C000582,Jennifer Stephens,F,51,Rwanda,VIP,2023-07-15
C000583,Robert Watts,M,63,Rwanda,VIP,2025-11-20
C000584,Renee Hunter,F,69,Uganda,Regular,2024-08-16
C000585,Elizabeth Daniels,M,50,Rwanda,Regular,2023-10-14
C000586,Robert Wood,M,53,Rwanda,New,2023-06-26
C000587,Peter Cowan,F,64,Uganda,Regular,2024-08-03
C000588,Jennifer Morton,F,70,Uganda,New,2024-10-31
C000589,Stanley Lucas,M,55,Uganda,VIP,2026-05-05
C000590,John Holt,F,40,Uganda,New,2024-03-07
C000591,John Lewis,M,22,Rwanda,VIP,2024-03-25
C000592,Mrs. Theresa Dawson,F,44,Kenya,VIP,2024-10-06
C000593,Ashley Carroll,F,41,Rwanda,Regular,2024-10-09
C000594,Heather Kim,F,42,Uganda,New,2025-04-04
C000595,Mary Sanchez,M,59,Tanzania,VIP,2026-05-20
C000596,Tonya Choi,M,52,Rwanda,New,2026-05-24
C000597,Jeffrey Cochran,M,64,Kenya,VIP,2025-09-11
C000598,Aaron Henderson,M,37,Rwanda,New,2025-03-12
C000599,Patricia Moore,F,52,Rwanda,VIP,2024-07-26
C000600,Denise Bell,M,47,Tanzania,VIP,2025-04-06
C000601,Jerome Gutierrez,F,30,Uganda,VIP,2023-07-23
C000602,Brenda Cooley,F,57,Uganda,VIP,2025-07-24
C000603,Hannah Wood,M,22,Uganda,New,2024-01-17
C000604,Kenneth Thomas,M,46,Uganda,VIP,2024-09-16
C000605,Tina Garza,M,43,Rwanda,VIP,2026-02-22
C000606,Michael Butler,M,66,Uganda,VIP,2024-01-19
C000607,Alec Woodard,F,32,Tanzania,New,2026-05-13
C000608,Robert Young,F,33,Tanzania,VIP,2026-05-24
C000609,Tami Roth,M,44,Tanzania,Regular,2026-01-08
C000610,Wendy Harvey,M,53,Kenya,New,2025-08-06
C000611,Andrew Gonzales,F,53,Rwanda,VIP,2024-04-07
C000612,Michael Hill,F,59,Rwanda,New,2024-03-25
C000613,Amy Juarez,F,62,Rwanda,Regular,2023-10-15
C000614,Lisa Thompson,M,37,Rwanda,VIP,2023-10-16
C000615,John Hogan,F,33,Kenya,Regular,2026-01-15
C000616,Samuel Payne,M,69,Rwanda,VIP,2024-09-12
C000617,Robin Lawson,F,44,Kenya,Regular,2024-09-26
C000618,Amy Ramirez,M,34,Kenya,Regular,2024-02-04
C000619,William Bennett,M,46,Tanzania,VIP,2024-11-07
C000620,Kim Williams,M,21,Tanzania,Regular,2024-01-15
C000621,Mary Carrillo,M,22,Kenya,New,2023-09-15
C000622,Timothy Colon,M,48,Kenya,Regular,2023-12-15
C000623,Ian Simmons,F,18,Kenya,VIP,2025-12-15
C000624,James Johnson,M,65,Rwanda,VIP,2025-10-14
C000625,Michael Fleming,M,43,Kenya,New,2026-03-08
C000626,Stacey Skinner,F,67,Tanzania,Regular,2024-04-20
C000627,Michael Stark,F,52,Tanzania,Regular,2023-07-06
C000628,Mary Jones,F,41,Rwanda,Regular,2024-02-27
C000629,Taylor Booker,M,69,Rwanda,Regular,2024-08-30
C000630,Shawn Hansen,M,41,Tanzania,Regular,2024-03-14
C000631,Jeremy Smith,M,54,Kenya,New,2023-06-30
C000632,Christine Conway,M,19,Tanzania,New,2024-10-27
C000633,Joseph Hayes,F,36,Kenya,VIP,2024-05-05
C000634,Troy Cortez,F,32,Rwanda,New,2025-12-07
C000635,Bernard Daniels,M,49,Tanzania,Regular,2025-04-25
C000636,Sherri Perkins,F,64,Rwanda,Regular,2025-04-06
C000637,Katelyn Adams,M,64,Tanzania,VIP,2026-02-04
C000638,Brooke Greene,M,64,Rwanda,VIP,2024-02-29
C000639,Marcus King MD,M,51,Uganda,VIP,2025-03-07
C000640,Jasmine Jordan,M,66,Uganda,Regular,2024-12-01
C000641,Amy Shaw,M,58,Kenya,VIP,2025-07-18
C000642,Erica Good PhD,M,18,Kenya,New,2025-10-09
C000643,Julian Wells,F,41,Uganda,New,2024-05-25
C000644,Andrew Elliott,F,60,Rwanda,VIP,2026-04-12
C000645,Kristen Payne,M,52,Rwanda,VIP,2023-11-22
C000646,Craig Hughes,M,51,Tanzania,New,2023-06-08
C000647,Timothy Vasquez,F,19,Rwanda,VIP,2026-03-22
C000648,Edwin Williams,M,24,Kenya,VIP,2025-03-28
C000649,Tracy Harrison,M,57,Tanzania,Regular,2025-12-17
C000650,Kathryn Green,F,68,Rwanda,VIP,2025-01-13
C000651,Trevor Roach,F,43,Rwanda,New,2023-09-12
C000652,Jesse Stewart,M,62,Kenya,Regular,2023-07-26
C000653,Terry Haas,M,59,Uganda,VIP,2024-12-09
C000654,Daniel Allen,F,42,Rwanda,New,2026-03-17
C000655,Jessica Andrews,F,21,Uganda,New,2024-08-08
C000656,Samuel Gonzales,M,23,Rwanda,Regular,2023-10-22
C000657,Jason Warren,F,54,Uganda,New,2024-12-18
C000658,Teresa Bowen,M,32,Kenya,New,2024-06-09
C000659,Nicole Curtis,F,35,Uganda,VIP,2025-07-22
C000660,Kelsey Rodgers,F,52,Uganda,VIP,2023-07-23
C000661,Holly Miller,F,19,Kenya,New,2023-11-04
C000662,Jennifer Martin,M,66,Rwanda,VIP,2025-09-03
C000663,Marc Shaffer,F,28,Kenya,New,2025-10-03
C000664,Veronica Harmon,F,61,Tanzania,Regular,2025-11-06
C000665,Robert Wong,M,68,Uganda,New,2026-03-26
C000666,Robin Allen,F,21,Uganda,Regular,2024-03-19
C000667,Ashley Wong,M,22,Tanzania,New,2025-04-02
C000668,John Wyatt,F,67,Tanzania,VIP,2023-12-31
C000669,Tamara White,F,68,Rwanda,Regular,2025-03-15
C000670,Michael Barker,M,40,Rwanda,Regular,2025-11-20
C000671,Joseph Mason,M,61,Rwanda,VIP,2024-01-08
C000672,Andrew Doyle,F,69,Kenya,New,2026-01-08
C000673,Jennifer Harper,M,23,Tanzania,VIP,2024-06-02
C000674,Valerie Guzman,F,63,Kenya,New,2025-05-27
C000675,Kevin Martinez,F,38,Tanzania,VIP,2025-03-20
C000676,William Vang,M,18,Tanzania,Regular,2024-08-27
C000677,Bobby Edwards,F,66,Tanzania,VIP,2024-10-21
C000678,Jennifer Murphy,M,23,Kenya,Regular,2025-05-29
C000679,Andrew Prince,F,53,Rwanda,VIP,2026-02-19
C000680,Nicole Hanson,M,23,Tanzania,New,2024-04-12
C000681,Austin Flores,M,56,Tanzania,Regular,2024-10-15
C000682,Richard Torres,M,36,Rwanda,Regular,2024-04-17
C000683,Sara Mitchell,M,64,Kenya,New,2024-09-04
C000684,Shelly Williams,M,61,Rwanda,VIP,2025-05-13
C000685,Sonya Gill,M,35,Tanzania,Regular,2024-04-05
C000686,Mary Benson,F,27,Uganda,VIP,2025-05-20
C000687,Christopher Lopez,F,35,Rwanda,Regular,2024-05-28
C000688,Christina Mathews,F,68,Uganda,Regular,2025-12-29
C000689,Veronica Rodriguez,F,33,Rwanda,New,2024-08-15
C000690,Kevin Phillips,M,47,Uganda,VIP,2026-03-31
C000691,Lori Reyes,F,18,Rwanda,Regular,2025-07-29
C000692,Carol Robinson,F,69,Tanzania,Regular,2023-12-26
C000693,Joseph Green,F,45,Kenya,Regular,2023-07-11
C000694,Andrea Trevino,F,56,Kenya,Regular,2026-05-21
C000695,Joseph Trujillo,F,29,Rwanda,Regular,2024-09-24
C000696,Edwin Mathis,F,65,Rwanda,New,2026-02-07
C000697,Timothy Chavez,M,38,Rwanda,Regular,2025-02-06
C000698,Shawn Meza,F,41,Uganda,New,2025-07-26
C000699,Andrea Rogers,M,55,Kenya,New,2024-04-17
C000700,Danielle Vaughan,M,64,Rwanda,New,2026-01-28
C000701,Ricardo Jenkins,M,46,Tanzania,New,2024-12-10
C000702,Jordan Herrera,M,70,Rwanda,New,2023-10-19
C000703,Alexander Young,F,26,Tanzania,VIP,2023-12-27
C000704,David Lane,F,60,Kenya,New,2024-04-25
C000705,Sarah Moore,F,68,Rwanda,VIP,2025-10-29
C000706,Steven Johnson,F,56,Rwanda,New,2024-10-08
C000707,Andrew Leblanc,F,52,Rwanda,New,2025-02-03
C000708,Debra Cox,M,68,Tanzania,New,2026-02-10
C000709,Cody Alexander,M,24,Kenya,New,2026-02-26
C000710,Karen Wheeler,F,28,Uganda,New,2024-05-31
C000711,Lauren Santos,F,66,Tanzania,Regular,2025-01-15
C000712,Theodore Thompson,M,18,Uganda,Regular,2023-10-10
C000713,Jennifer Chan MD,M,50,Kenya,Regular,2024-04-05
C000714,Christian Cervantes,F,43,Rwanda,New,2026-03-12
C000715,Lisa Mack,M,40,Uganda,Regular,2024-07-09
C000716,Rebecca Ortiz,M,36,Rwanda,VIP,2023-10-22
C000717,Kevin Garza,M,64,Kenya,Regular,2023-11-30
C000718,Victoria Padilla,F,39,Rwanda,VIP,2026-01-10
C000719,Vanessa Russo,F,40,Rwanda,VIP,2023-07-07
C000720,Brent Rogers,F,64,Rwanda,Regular,2024-04-22
C000721,Kenneth Burnett,M,37,Uganda,New,2025-06-27
C000722,Henry Campbell,M,19,Tanzania,New,2024-05-23
C000723,Matthew Garcia Jr.,M,61,Kenya,New,2025-03-03
C000724,Katherine Roberts,M,51,Kenya,New,2025-12-29
C000725,Renee Daugherty,M,39,Rwanda,Regular,2025-12-22
C000726,Hayley Nunez,M,69,Rwanda,New,2025-09-01
C000727,Jackie Davis,M,29,Rwanda,Regular,2024-10-31
C000728,Matthew Vaughan,M,65,Kenya,Regular,2024-03-15
C000729,Jennifer Martinez,F,42,Uganda,New,2025-05-23
C000730,Michele Fletcher,M,31,Tanzania,New,2024-07-25
C000731,Duane Taylor,M,54,Uganda,New,2024-07-09
C000732,Jeffrey Bailey,M,41,Tanzania,VIP,2025-10-19
C000733,Jessica Smith,F,25,Tanzania,New,2023-10-30
C000734,Robert Buchanan,F,51,Tanzania,New,2025-03-01
C000735,Laura Wilson,F,57,Rwanda,New,2023-06-23
C000736,Kaitlyn Jones,M,40,Tanzania,Regular,2024-08-30
C000737,Ryan Clark,M,70,Tanzania,New,2025-03-01
C000738,Peggy Dunn,M,61,Kenya,Regular,2024-08-21
C000739,Leonard Thomas,M,33,Tanzania,VIP,2024-05-14
C000740,Angela Richard,M,41,Kenya,New,2024-02-29
C000741,Jonathan Thompson,F,44,Kenya,New,2024-09-26
C000742,Dylan Lane,F,45,Kenya,Regular,2025-10-01
C000743,David Castillo,M,53,Kenya,Regular,2025-01-08
C000744,Jessica Daniels,F,26,Kenya,Regular,2023-12-22
C000745,Amy Hanson,F,57,Uganda,Regular,2025-09-30
C000746,Jesse Mathews,M,49,Kenya,VIP,2025-11-20
C000747,Nancy Smith,F,53,Rwanda,Regular,2024-09-24
C000748,Anthony Kline,F,44,Rwanda,Regular,2024-05-14
C000749,Tina Martinez,M,23,Uganda,VIP,2024-09-07
C000750,Jason Casey,F,20,Tanzania,VIP,2023-10-31
C000751,Nathan Walton,F,28,Rwanda,New,2026-03-26
C000752,Pamela Cervantes,F,53,Uganda,New,2025-08-29
C000753,Jeanne Coleman,M,35,Tanzania,New,2024-03-10
C000754,Stephanie Foster,M,66,Rwanda,New,2024-04-11
C000755,Amy Weaver,M,45,Uganda,New,2025-04-22
C000756,George Mckinney,M,37,Uganda,Regular,2026-05-07
C000757,Jessica Phillips,F,40,Uganda,Regular,2023-12-27
C000758,Charlene Holmes,M,67,Kenya,VIP,2026-04-24
C000759,Roger Daugherty,F,63,Rwanda,VIP,2026-01-04
C000760,Stephanie Cortez,M,68,Kenya,VIP,2024-07-06
C000761,Angela Washington,M,54,Tanzania,New,2024-01-15
C000762,Christopher Robinson,F,56,Kenya,Regular,2025-10-01
C000763,Janet Giles,F,36,Tanzania,New,2025-11-17
C000764,Samantha Cole,M,26,Rwanda,VIP,2025-04-28
C000765,John Hanson,F,59,Kenya,New,2024-03-16
C000766,Jennifer Evans,M,33,Kenya,New,2024-03-20
C000767,Sandra Schmidt,F,33,Rwanda,Regular,2025-02-02
C000768,Paul Haney,M,54,Tanzania,New,2024-03-25
C000769,Susan Burgess,F,42,Rwanda,VIP,2024-09-15
C000770,Matthew Bullock,M,43,Tanzania,New,2025-08-02
C000771,Bruce Mcneil,F,47,Rwanda,Regular,2023-06-04
C000772,Nathan Daniels,M,67,Uganda,New,2026-05-07
C000773,Julie Morrison,F,58,Tanzania,VIP,2024-02-01
C000774,Jesus Hicks,F,31,Rwanda,VIP,2026-03-12
C000775,Carlos Gibbs,F,35,Tanzania,Regular,2026-04-13
C000776,Tammy Levy,F,53,Kenya,New,2023-11-25
C000777,William Frazier,F,68,Tanzania,New,2024-04-09
C000778,Jonathan Williams,M,20,Uganda,New,2024-08-13
C000779,Ashley Campbell,F,19,Uganda,VIP,2023-07-01
C000780,Victoria Phillips DVM,F,47,Uganda,Regular,2024-05-24
C000781,John Gordon,M,62,Kenya,New,2024-08-24
C000782,Cindy Pacheco,F,28,Tanzania,VIP,2026-05-21
C000783,Jesse Reynolds,F,34,Uganda,Regular,2026-03-01
C000784,Tammy Nguyen,M,21,Rwanda,New,2024-03-05
C000785,Alec Bowers,F,64,Kenya,Regular,2024-09-10
C000786,Monica Washington,M,63,Uganda,VIP,2026-05-09
C000787,Aaron Burton,M,48,Uganda,VIP,2024-03-11
C000788,Robert Smith,M,51,Rwanda,VIP,2024-07-14
C000789,Jacqueline Taylor,M,62,Tanzania,VIP,2026-04-11
C000790,Rachel Perry,F,62,Kenya,Regular,2023-07-26
C000791,Melissa Garcia,M,32,Rwanda,VIP,2024-12-11
C000792,Mrs. Deborah Grant DVM,M,24,Tanzania,Regular,2024-06-24
C000793,Susan Davis,F,26,Rwanda,VIP,2025-08-10
C000794,Lisa Villarreal,M,22,Uganda,New,2024-08-10
C000795,John Burton,M,46,Tanzania,New,2026-03-29
C000796,Tiffany Carpenter,M,58,Kenya,Regular,2026-04-06
C000797,Caitlin Jones,F,31,Uganda,VIP,2025-12-09
C000798,Tina Underwood,M,66,Uganda,New,2026-03-09
C000799,Andrew Jordan,F,40,Rwanda,Regular,2025-07-06
C000800,Gina Perez,M,33,Tanzania,New,2024-06-18
C000801,Peter Burton,M,33,Tanzania,New,2023-11-22
C000802,John Dunn,M,60,Tanzania,VIP,2026-04-08
C000803,Keith Martinez,M,65,Rwanda,Regular,2025-09-08
C000804,Ashley Sanford,M,68,Kenya,Regular,2024-01-16
C000805,James Gates,F,25,Kenya,Regular,2024-09-10
C000806,Michael Jarvis,M,51,Uganda,Regular,2025-12-28
C000807,Christopher Matthews,F,26,Rwanda,New,2025-06-02
C000808,Laura Lloyd,F,41,Kenya,Regular,2023-08-11
C000809,Nicole Dawson,M,19,Uganda,VIP,2024-08-26
C000810,James Flynn,F,31,Uganda,VIP,2023-12-09
C000811,William Adams,F,50,Tanzania,New,2026-02-28
C000812,Justin Stevens,F,45,Rwanda,VIP,2026-05-01
C000813,Austin Andrews,M,35,Uganda,Regular,2024-11-26
C000814,Christopher Houston,M,50,Kenya,VIP,2023-06-24
C000815,Lee Martin,F,43,Uganda,Regular,2026-04-16
C000816,Amber Best,F,64,Kenya,VIP,2024-09-06
C000817,Omar Johnson,M,23,Rwanda,VIP,2025-05-22
C000818,Valerie Wallace,F,57,Uganda,Regular,2025-12-21
C000819,Daniel Cabrera,M,25,Uganda,New,2024-02-01
C000820,Marcus Ramirez,M,62,Uganda,VIP,2026-04-26
C000821,Pamela Richardson,F,40,Tanzania,VIP,2025-09-23
C000822,Kristin Phillips,F,26,Tanzania,New,2023-06-11
C000823,Michele Jenkins,M,67,Uganda,Regular,2026-01-13
C000824,James Nelson,F,35,Uganda,Regular,2025-08-14
C000825,Ann Hawkins,M,49,Rwanda,New,2025-03-31
C000826,Michael Wilson,F,21,Rwanda,New,2026-02-13
C000827,Denise Lynch,M,41,Kenya,Regular,2025-05-25
C000828,Crystal Evans,M,54,Uganda,VIP,2025-06-05
C000829,Andrew Schmidt,M,20,Uganda,VIP,2024-04-06
C000830,Brooke Smith,M,48,Tanzania,Regular,2023-12-30
C000831,Justin Johnson,M,29,Uganda,New,2024-04-09
C000832,Hector Williams,F,32,Tanzania,VIP,2026-02-10
C000833,Tiffany Baker,F,64,Tanzania,Regular,2023-07-12
C000834,Daniel Garcia,M,54,Tanzania,VIP,2026-02-26
C000835,Krista Powell,M,29,Kenya,New,2023-07-07
C000836,Vickie Fox,M,43,Uganda,Regular,2023-09-29
C000837,Timothy Salas,F,67,Tanzania,Regular,2023-09-12
C000838,Amanda Taylor,M,53,Rwanda,VIP,2025-10-28
C000839,Maria Hansen,F,30,Tanzania,New,2025-06-29
C000840,Richard Haynes,F,65,Kenya,Regular,2026-05-07
C000841,Anthony Madden,F,55,Rwanda,VIP,2024-04-05
C000842,James Wood,M,27,Uganda,Regular,2023-10-03
C000843,Jesse Harrison,M,32,Tanzania,New,2023-11-07
C000844,Patty Bennett,M,39,Uganda,New,2024-07-28
C000845,Joseph Kelly,F,65,Tanzania,VIP,2024-04-23
C000846,Andrew Lawson,M,51,Kenya,Regular,2024-01-22
C000847,Phillip Padilla,F,21,Kenya,New,2024-09-22
C000848,Emily Wallace,F,23,Uganda,VIP,2025-12-05
C000849,Douglas Rodriguez,F,62,Tanzania,Regular,2025-05-21
C000850,Robert Kim,M,55,Uganda,New,2024-11-20
C000851,Anna Rose,M,58,Rwanda,VIP,2023-11-22
C000852,Timothy Cook,M,45,Kenya,VIP,2025-02-15
C000853,Jonathan Erickson,F,34,Tanzania,Regular,2024-01-02
C000854,Elizabeth Morris,F,38,Rwanda,Regular,2024-09-24
C000855,Andrew Watkins,M,22,Kenya,VIP,2023-11-30
C000856,Chad Miller,M,27,Uganda,VIP,2024-11-23
C000857,Holly David,F,47,Tanzania,Regular,2025-04-09
C000858,Micheal Fox,M,52,Tanzania,VIP,2023-11-09
C000859,Jason Hawkins,F,37,Rwanda,Regular,2024-11-20
C000860,Diana Haynes,M,23,Kenya,New,2024-01-13
C000861,Wanda Jenkins,F,70,Uganda,VIP,2026-03-02
C000862,Bradley Parker,F,27,Uganda,New,2024-01-26
C000863,Andrew Walsh,M,40,Rwanda,New,2026-04-30
C000864,Ruth Hurst,M,61,Tanzania,Regular,2024-11-16
C000865,Keith Krueger,M,19,Rwanda,Regular,2024-06-17
C000866,Timothy Myers,M,24,Rwanda,VIP,2024-02-16
C000867,Jason Bridges,M,25,Uganda,VIP,2025-05-12
C000868,Karen Ruiz,M,26,Kenya,Regular,2024-05-20
C000869,Tim Bryan,F,61,Uganda,New,2025-03-07
C000870,Dawn Sherman,F,70,Uganda,VIP,2025-05-06
C000871,Phillip Ramirez,M,30,Rwanda,VIP,2024-11-03
C000872,Barbara Hall,M,69,Tanzania,VIP,2024-10-07
C000873,Jeremy Moore,M,47,Uganda,VIP,2025-09-11
C000874,Timothy Lopez,F,70,Rwanda,Regular,2026-03-20
C000875,Alan Olson,M,42,Rwanda,VIP,2024-01-06
C000876,Pamela Garza,F,31,Kenya,Regular,2025-01-16
C000877,Jonathan Huang,F,46,Kenya,VIP,2025-07-03
C000878,Henry Hester,M,59,Tanzania,Regular,2024-12-11
C000879,Andrew Jenkins,F,53,Rwanda,VIP,2025-11-02
C000880,Gary Dunn,M,35,Rwanda,VIP,2023-06-23
C000881,Joanne Moody,F,30,Kenya,New,2025-06-22
C000882,Kathleen Collins,M,42,Tanzania,Regular,2025-01-02
C000883,Whitney Martinez,F,40,Tanzania,Regular,2024-11-21
C000884,Allison Young,F,29,Uganda,Regular,2025-06-29
C000885,Donna White,M,19,Tanzania,VIP,2025-02-07
C000886,Sarah Lucas,F,51,Tanzania,New,2024-08-04
C000887,Melanie Williams,M,28,Uganda,VIP,2025-04-24
C000888,Samuel Banks,M,35,Uganda,VIP,2026-03-18
C000889,Amanda Jacobson,F,40,Kenya,VIP,2026-01-10
C000890,Kristina Hansen,M,55,Tanzania,New,2024-10-25
C000891,Victor Weber,F,55,Uganda,New,2025-06-16
C000892,Katelyn Hall,F,54,Kenya,New,2024-06-03
C000893,Doris Oliver,M,69,Rwanda,New,2023-08-05
C000894,Carol Gutierrez,F,29,Rwanda,VIP,2025-07-01
C000895,David Martinez,M,21,Kenya,New,2024-12-22
C000896,Andrea Boyd,M,19,Rwanda,VIP,2025-02-25
C000897,Steven Rosario,F,57,Kenya,VIP,2024-02-20
C000898,Caleb Armstrong,F,63,Kenya,Regular,2023-11-17
C000899,Derrick Johnson,M,19,Kenya,New,2023-12-06
C000900,Rachel Davis,M,67,Uganda,New,2025-07-11
C000901,Brian Hines,F,22,Tanzania,New,2026-03-11
C000902,Amy Malone,F,55,Uganda,Regular,2025-02-15
C000903,Pamela Clark,F,38,Kenya,VIP,2026-05-24
C000904,Luis Rose,F,68,Rwanda,New,2024-01-28
C000905,Craig Wilson,F,29,Tanzania,VIP,2025-02-03
C000906,Ashley Adams,M,42,Tanzania,New,2023-12-02
C000907,Raymond Ochoa,F,26,Kenya,New,2025-06-18
C000908,Nathan Gibson,M,62,Rwanda,New,2024-12-19
C000909,Scott Smith,M,29,Tanzania,New,2024-08-17
C000910,David Snyder,M,58,Uganda,Regular,2025-03-17
C000911,Tyler Romero,M,39,Uganda,VIP,2026-02-09
C000912,Kevin Tanner,F,38,Kenya,New,2023-12-09
C000913,Pamela Brady,M,70,Tanzania,Regular,2023-07-08
C000914,Dawn Alexander,M,34,Kenya,VIP,2024-07-14
C000915,Nichole Reid,M,40,Tanzania,VIP,2023-10-27
C000916,Stephen Leblanc,M,21,Rwanda,Regular,2025-12-23
C000917,Kaylee Rush,F,28,Rwanda,Regular,2023-10-18
C000918,Margaret Garrett,F,40,Rwanda,VIP,2026-02-27
C000919,Jordan Hicks,F,68,Kenya,VIP,2024-03-04
C000920,Rose Martin,F,22,Uganda,Regular,2023-06-08
C000921,Rebecca Ward,M,38,Tanzania,VIP,2025-06-26
C000922,Mr. James Evans Jr.,M,39,Kenya,Regular,2025-05-13
C000923,Manuel Coleman,M,64,Uganda,New,2024-09-19
C000924,Jesse Ortiz,M,39,Rwanda,New,2023-12-07
C000925,Dennis Turner,M,45,Kenya,New,2025-03-12
C000926,Victoria Jones,F,28,Uganda,VIP,2024-11-27
C000927,David Rivera,F,31,Kenya,Regular,2025-12-09
C000928,Jerome Novak,F,60,Tanzania,Regular,2023-11-26
C000929,Angela Sanders,M,24,Uganda,Regular,2025-08-18
C000930,Richard Alvarez,F,27,Uganda,Regular,2025-06-01
C000931,Michael Harrell,M,45,Uganda,Regular,2025-04-17
C000932,David Randolph,F,30,Uganda,VIP,2025-12-17
C000933,Carlos Short,M,28,Tanzania,VIP,2024-02-10
C000934,Steven Henderson,F,25,Tanzania,Regular,2025-12-19
C000935,Joy Howell,F,49,Tanzania,VIP,2024-09-12
C000936,Erin White,F,29,Tanzania,Regular,2024-02-16
C000937,Michelle Mosley,F,29,Rwanda,VIP,2024-11-30
C000938,Mark Harding,F,46,Rwanda,Regular,2024-09-18
C000939,Gabriel Logan,M,35,Uganda,VIP,2024-06-04
C000940,David Mccullough,M,23,Tanzania,New,2024-05-28
C000941,George Kim,F,66,Kenya,New,2023-09-06
C000942,Kristen Curtis,M,42,Rwanda,New,2025-11-24
C000943,Lynn Guerra,F,54,Kenya,Regular,2025-10-31
C000944,Robert Hill,F,23,Rwanda,New,2023-10-23
C000945,Anthony Ford,M,50,Kenya,VIP,2024-06-22
C000946,Joshua Lewis Jr.,F,29,Kenya,VIP,2024-01-22
C000947,Mark Hahn,M,26,Uganda,Regular,2024-08-09
C000948,Justin Cameron,M,61,Rwanda,VIP,2026-02-14
C000949,Karen Bailey,M,56,Tanzania,Regular,2023-07-30
C000950,Crystal Glover,M,23,Rwanda,New,2025-11-10
C000951,Holly Richard,F,53,Tanzania,Regular,2023-07-28
C000952,Dwayne Douglas,F,18,Rwanda,VIP,2023-12-24
C000953,Stephanie Delgado,F,27,Kenya,New,2025-02-01
C000954,Katrina Clark,M,24,Uganda,Regular,2023-06-28
C000955,Elijah Harrell,F,44,Tanzania,Regular,2023-12-18
C000956,Lauren Ibarra,F,54,Rwanda,VIP,2025-06-30
C000957,Ian Barnes,M,35,Rwanda,VIP,2026-03-10
C000958,Rhonda Newman,F,20,Rwanda,Regular,2025-09-24
C000959,Jacob Ramirez,M,21,Rwanda,Regular,2023-12-04
C000960,Nathan Huynh,F,19,Tanzania,Regular,2025-03-12
C000961,Becky Mullins,F,35,Rwanda,New,2024-06-28
C000962,Jesse Williams,M,32,Kenya,Regular,2025-03-28
C000963,Brian Mendoza,F,67,Tanzania,Regular,2023-12-10
C000964,Aaron Davis,F,56,Uganda,VIP,2024-12-31
C000965,Robert Shaw,F,31,Rwanda,New,2024-08-05
C000966,Roberto Cox,F,66,Tanzania,VIP,2024-04-30
C000967,Melissa Sullivan,M,22,Tanzania,New,2024-01-07
C000968,Julie Mack,F,26,Uganda,VIP,2025-02-08
C000969,Michael Rogers,M,30,Uganda,VIP,2025-12-16
C000970,Ashley Barber,M,47,Uganda,Regular,2026-01-25
C000971,Deanna Collins,M,35,Tanzania,Regular,2024-12-08
C000972,Brittany Gutierrez,F,58,Uganda,New,2025-06-25
C000973,Vincent Burton,M,33,Tanzania,Regular,2024-10-03
C000974,Daniel Roberts,F,29,Rwanda,New,2026-03-03
C000975,Emma Dudley,F,40,Kenya,Regular,2025-07-04
C000976,Michael Mcfarland,M,36,Uganda,Regular,2025-07-06
C000977,Kayla Watson,M,28,Kenya,VIP,2026-02-23
C000978,Stephen Rangel,M,61,Kenya,Regular,2024-03-14
C000979,Brian Smith,F,50,Uganda,New,2024-04-28
C000980,Donna Berry,M,48,Kenya,New,2025-04-26
C000981,Catherine Randolph,M,56,Uganda,VIP,2024-05-31
C000982,Vickie Scott,F,56,Tanzania,New,2024-08-25
C000983,Leonard Orr,F,45,Rwanda,Regular,2023-12-17
C000984,David Harrison,F,34,Kenya,Regular,2025-12-03
C000985,Justin Williams,F,61,Rwanda,New,2026-01-19
C000986,David Buck,M,18,Tanzania,New,2024-04-18
C000987,Matthew Taylor,F,37,Uganda,Regular,2025-07-23
C000988,Renee Rowe,M,39,Tanzania,New,2025-07-23
C000989,Beth Gray,F,35,Tanzania,New,2023-12-23
C000990,Donald Lowe,F,30,Kenya,New,2025-11-02
C000991,Beth Lee,M,21,Rwanda,New,2025-07-24
C000992,Vincent Casey,F,61,Kenya,New,2025-09-17
C000993,Kayla Klein,M,59,Rwanda,Regular,2024-06-02
C000994,Aimee Nguyen,F,44,Rwanda,Regular,2024-07-01
C000995,Jennifer Anderson,M,55,Kenya,Regular,2024-11-27
C000996,Natalie Coffey,M,61,Rwanda,New,2026-03-30
C000997,Justin Jenkins,F,50,Tanzania,VIP,2026-02-16
C000998,Frederick Patel MD,M,36,Uganda,Regular,2026-01-06
C000999,Kaitlyn Mcguire,M,65,Tanzania,New,2024-12-14
